Отметка времени,Сколько вам лет?,Ваш пол?,Я...,Где вы продвигаете свои товары?,Насколько тяжело находить клиентов?,"Хотели бы вы, чтобы о ваших товаров узнали как можно больше людей, в следствие чего увеличить продажи?",Как часто вы заказываете товары ручного производства (хендмейд) ДЛЯ СЕБЯ?,Где вы находите исполнителей?,Как часто вы заказываете товары ручного производства (хендмейд) В КАЧЕСТВЕ ПОДАРКА?,Где вы находите исполнителей?,На сколько вам тяжело придумать подарок?,Как часто вы заказываете товары ручного производства (хендмейд) В КАЧЕСТВЕ ПОДАРКА?,Как часто вы заказываете товары ручного производства (хендмейд) ДЛЯ СЕБЯ?,Где вы находите исполнителей?,На сколько вам тяжело придумать подарок?,Где вы продвигаете свои  созданные товары?,Насколько тяжело находить клиентов?,Как часто вы заказываете товары ручного производства (хендмейд) В КАЧЕСТВЕ ПОДАРКА?,Как часто вы заказываете товары ручного производства (хендмейд) ДЛЯ СЕБЯ?,Где вы находите исполнителей?,На сколько вам тяжело придумать подарок ?
2022-05-20 12:34:28.460000,16-18,Женский,Все из списка,None,None,None,None,None,None,None,None,None,None,None,None,Instagram,Тяжело. Раз в месяц,Редко,Никогда,Instagram,Очень тяжело
2022-05-20 12:34:34.937000,16-18,Женский,Я люблю покупать себе товары ручной работы,None,None,None,Редко,Instagram,None,None,None,None,None,None,None,None,None,None,None,None,None
2022-05-20 12:37:06.352000,16-18,Мужской,Люблю покупать и дарить,None,None,None,None,None,None,None,None,Редко,Редко,Avito,Нахожу подарок достаточно быстро,None,None,None,None,None,None
2022-05-20 12:38:38.608000,16-18,Мужской,Люблю покупать и дарить,None,None,None,None,None,None,None,None,Редко,Никогда,Случайно,Очень тяжело,None,None,None,None,None,None
2022-05-20 12:41:03.540000,16-18,Женский,Люблю покупать и дарить,None,None,None,None,None,None,None,None,Почти каждый месяц,Редко,Instagram,Нахожу подарок достаточно быстро,None,None,None,None,None,None
2022-05-20 12:41:31.542000,16-18,Мужской,Все из списка,None,None,None,None,None,None,None,None,None,None,None,None,Instagram,Тяжело. Раз в месяц,Почти каждую неделю,Почти каждую неделю,Instagram,Нахожу подарок достаточно быстро
2022-05-20 12:42:04.501000,16-18,Мужской,Люблю покупать и дарить,None,None,None,None,None,None,None,None,Редко,Редко,Freelance,Нахожу подарок достаточно быстро,None,None,None,None,None,None
2022-05-20 12:44:58.015000,16-18,Женский,Я люблю дарить товары ручной работы,None,None,None,None,None,Редко,Instagram,Нахожу подарок достаточно быстро,None,None,None,None,None,None,None,None,None,None
2022-05-20 12:45:38.613000,16-18,Женский,Я люблю дарить товары ручной работы,None,None,None,None,None,Редко,Instagram,Нахожу подарок достаточно быстро,None,None,None,None,None,None,None,None,None,None
2022-05-20 12:49:45.799000,16-18,Мужской,Все из списка,None,None,None,None,None,None,None,None,None,None,None,None,VK,Тяжело. Раз в месяц,Редко,Редко,Freelance,Нахожу подарок достаточно быстро
2022-05-20 12:53:21.574000,16-18,Мужской,Я люблю дарить товары ручной работы,None,None,None,None,None,Редко,Instagram,Нахожу подарок достаточно быстро,None,None,None,None,None,None,None,None,None,None
2022-05-20 12:53:49.606000,16-18,Женский,Я люблю дарить товары ручной работы,None,None,None,None,None,Редко,Instagram,Очень тяжело,None,None,None,None,None,None,None,None,None,None
2022-05-20 12:58:14.935000,16-18,Женский,Люблю покупать и дарить,None,None,None,None,None,None,None,None,Редко,Редко,Instagram,Очень тяжело,None,None,None,None,None,None
2022-05-20 13:06:57.933000,16-18,Женский,Все из списка,None,None,None,None,None,None,None,None,None,None,None,None,Instagram,Терпимо. Каждую неделю получаю заказы,Редко,Редко,Instagram,Нахожу подарок достаточно быстро
2022-05-20 13:09:17.302000,16-18,Мужской,Я люблю дарить товары ручной работы,None,None,None,None,None,Редко,Avito,Очень тяжело,None,None,None,None,None,None,None,None,None,None
2022-05-20 13:24:38.453000,19-24,Женский,Cоздаю товары своими ручками,Instagram,Тяжело. Раз в месяц,"Да, хотелось бы",None,None,None,None,None,None,None,None,None,None,None,None,None,None,None
2022-05-20 13:46:59.124000,16-18,Женский,Все из списка,None,None,None,None,None,None,None,None,None,None,None,None,"авито, тикток",Тяжело. Раз в месяц,Редко,Редко,Instagram,Очень тяжело
2022-05-20 14:01:46.007000,16-18,Женский,Люблю покупать и дарить,None,None,None,None,None,None,None,None,Никогда,Редко,Instagram,Очень тяжело,None,None,None,None,None,None
2022-05-20 14:17:33.671000,16-18,Женский,Я люблю покупать себе товары ручной работы,None,None,None,Редко,Instagram,None,None,None,None,None,None,None,None,None,None,None,None,None
2022-05-20 14:54:10.784000,16-18,Женский,Я люблю покупать себе товары ручной работы,None,None,None,Редко,Instagram,None,None,None,None,None,None,None,None,None,None,None,None,None
2022-05-20 15:10:25.813000,16-18,Женский,Я люблю дарить товары ручной работы,None,None,None,None,None,Редко,сама делаю ,Очень тяжело,None,None,None,None,None,None,None,None,None,None
2022-05-20 15:15:32.292000,16-18,Женский,Люблю покупать и дарить,None,None,None,None,None,None,None,None,Редко,Редко,В магазинах,Вообще не является проблемой,None,None,None,None,None,None
2022-05-20 16:07:34.054000,16-18,Мужской,Люблю покупать и дарить,None,None,None,None,None,None,None,None,Редко,Редко,Instagram,Нахожу подарок достаточно быстро,None,None,None,None,None,None
2022-05-20 16:41:44.300000,19-24,Женский,Я люблю дарить товары ручной работы,None,None,None,None,None,Редко,Instagram,Очень тяжело,None,None,None,None,None,None,None,None,None,None
2022-05-20 18:20:17.879000,старше 27,Женский,Все из списка,None,None,None,None,None,None,None,None,None,None,None,None,Instagram,Тяжело. Раз в месяц,Редко,Редко,"Чаще всего  через знакомых, в окружении",Очень тяжело
2022-05-20 19:05:17.252000,16-18,Женский,Все из списка,None,None,None,None,None,None,None,None,None,None,None,None,Instagram,Терпимо. Каждую неделю получаю заказы,Почти каждый месяц,Редко,Instagram,Нахожу подарок достаточно быстро
2022-05-20 19:11:25.196000,19-24,Женский,Все из списка,None,None,None,None,None,None,None,None,None,None,None,None,Instagram,"Вообще не предсказуемо, но тяжело",Никогда,Никогда,Я сам себе исполнитель. Ну или друзья,Нахожу подарок достаточно быстро
2022-05-20 20:28:21.892000,16-18,Мужской,Люблю покупать и дарить,None,None,None,None,None,None,None,None,Никогда,Никогда,Instagram,Очень тяжело,None,None,None,None,None,None
2022-05-20 20:47:48.380000,16-18,Мужской,Люблю покупать и дарить,None,None,None,None,None,None,None,None,Редко,Редко,Avito,Очень тяжело,None,None,None,None,None,None
2022-05-21 16:13:47.891000,16-18,Женский,Люблю покупать и дарить,None,None,None,None,None,None,None,None,Редко,Редко,Instagram,Нахожу подарок достаточно быстро,None,None,None,None,None,None
2022-05-21 21:08:30.820000,60+,Женский,Все из списка,None,None,None,None,None,None,None,None,None,None,None,None,Instagram,Очень редко,Редко,Редко,Сама делаю,Вообще не является проблемой
2022-05-21 21:13:42.150000,40-60,Женский,Cоздаю товары своими ручками,Авито,Тяжело. Раз в месяц,"Да, хотелось бы",None,None,None,None,None,None,None,None,None,None,None,None,None,None,None
2022-05-21 21:23:37.163000,40-60,Женский,Я люблю дарить товары ручной работы,None,None,None,None,None,Никогда,Pinterest,Нахожу подарок достаточно быстро,None,None,None,None,None,None,None,None,None,None
2022-05-21 21:29:25.168000,40-60,Женский,Cоздаю товары своими ручками,Авито,Тяжело. Раз в месяц,"Да, хотелось бы",None,None,None,None,None,None,None,None,None,None,None,None,None,None,None
2022-05-21 21:33:09.589000,40-60,Женский,Cоздаю товары своими ручками,ВК,Редко,"Да, хотелось бы",None,None,None,None,None,None,None,None,None,None,None,None,None,None,None
2022-05-21 21:38:29.107000,40-60,Женский,Cоздаю товары своими ручками,Авито,Тяжело. Раз в месяц,"Да, хотелось бы",None,None,None,None,None,None,None,None,None,None,None,None,None,None,None
2022-05-21 21:44:57.804000,40-60,Женский,Cоздаю товары своими ручками,Своим дарю,Не продаю,"Нет, меня итак все устраивает",None,None,None,None,None,None,None,None,None,None,None,None,None,None,None
2022-05-21 21:53:09.212000,19-24,Женский,Cоздаю товары своими ручками,Instagram,Терпимо. Каждую неделю получаю заказы,"Да, хотелось бы",None,None,None,None,None,None,None,None,None,None,None,None,None,None,None
2022-05-21 22:09:23.706000,40-60,Женский,Люблю покупать и дарить,None,None,None,None,None,None,None,None,Редко,Редко,Instagram,Нахожу подарок достаточно быстро,None,None,None,None,None,None
2022-05-21 22:14:45.548000,27-40,Мужской,Люблю покупать и дарить,None,None,None,None,None,None,None,None,Редко,Редко,Avito,Очень тяжело,None,None,None,None,None,None
2022-05-21 22:24:06.770000,40-60,Мужской,Я люблю дарить товары ручной работы,None,None,None,None,None,Редко,Instagram,Очень тяжело,None,None,None,None,None,None,None,None,None,None
2022-05-21 23:12:46.821000,16-18,Мужской,Все из списка,None,None,None,None,None,None,None,None,None,None,None,None,Делаю для себя и близких,не ищу клиентов,Редко,Никогда,Freelance,Очень тяжело
2022-05-21 23:15:58.948000,19-24,Мужской,Все из списка,None,None,None,None,None,None,None,None,None,None,None,None,Делаю для себя и близких,Нужен вариант «не ищу клиентов»,Редко,Редко,Youdo ,Очень тяжело
2022-05-21 23:36:51.533000,40-60,Женский,Cоздаю товары своими ручками,Делаю для себя и близких,Терпимо. Каждую неделю получаю заказы,"Да, хотелось бы",Редко,"ВК ,телеграм ,одноклассники",None,None,None,None,None,None,None,None,None,None,None,None,None
2022-05-22 00:10:39.005000,40-60,Женский,Cоздаю товары своими ручками,Авито,Терпимо. Каждую неделю получаю заказы,"Да, хотелось бы",None,None,None,None,None,None,None,None,None,None,None,None,None,None,None
2022-05-22 00:49:34.624000,16-18,Мужской,Люблю покупать и дарить,None,None,None,None,None,None,None,None,Редко,Редко,Просто интернет),Очень тяжело,None,None,None,None,None,None
2022-05-22 05:05:48.691000,40-60,Женский,Я люблю дарить товары ручной работы,None,None,None,None,None,Редко,Instagram,Нахожу подарок достаточно быстро,None,None,None,None,None,None,None,None,None,None
2022-05-22 06:44:05.881000,40-60,Женский,Я люблю дарить товары ручной работы,None,None,None,None,None,Никогда,Сама делаю,Вообще не является проблемой,None,None,None,None,None,None,None,None,None,None
2022-05-22 06:54:06.275000,40-60,Женский,Cоздаю товары своими ручками,Делаю для себя и близких,Тяжело. Раз в месяц,"Да, хотелось бы",Никогда,По знакомым,None,None,None,None,None,None,None,None,None,None,None,None,None
2022-05-22 07:12:34.504000,60+,Женский,Cоздаю товары своими ручками,Одноклассники и вконтакте,Легко. Каждый день получаю заказы,"Нет, меня итак все устраивает",None,None,None,None,None,None,None,None,None,None,None,None,None,None,None
2022-05-22 07:22:54.866000,27-40,Женский,Все из списка,None,None,None,None,None,None,None,None,None,None,None,None,Делаю для себя и близких,Тяжело. Раз в месяц,Редко,Редко,Avito,Вообще не является проблемой
2022-05-22 10:57:03.202000,27-40,Женский,Все из списка,None,None,None,None,None,None,None,None,None,None,None,None,Делаю для себя и близких,Тяжело. Раз в месяц,Никогда,Редко,Instagram,Вообще не является проблемой
2022-05-22 11:43:19.551000,40-60,Женский,Cоздаю товары своими ручками,Делаю для себя и близких,Тяжело. Раз в месяц,"Да, хотелось бы",Никогда,Instagram,None,None,None,None,None,None,None,None,None,None,None,None,None
2022-05-22 13:56:31.962000,16-18,Мужской,Я люблю дарить товары ручной работы,None,None,None,None,None,Редко,Avito,Нахожу подарок достаточно быстро,None,None,None,None,None,None,None,None,None,None
2022-05-22 19:03:14.437000,16-18,Мужской,Я люблю покупать себе товары ручной работы,None,None,None,Редко,Instagram,None,None,None,None,None,None,None,None,None,None,None,None,None
2022-05-22 19:27:55.557000,19-24,Женский,Cоздаю товары своими ручками,Авито,"Когда как, иногда каждый день, иногда через неделю и т. Яд. ","Да, хотелось бы",None,None,None,None,None,None,None,None,None,None,None,None,None,None,None
2022-05-22 21:38:04.628000,27-40,Мужской,Я люблю дарить товары ручной работы,None,None,None,None,None,Редко,Instagram,Очень тяжело,None,None,None,None,None,None,None,None,None,None
2022-05-22 21:42:06.796000,19-24,Мужской,Люблю покупать и дарить,None,None,None,None,None,None,None,None,Редко,Редко,Instagram,Очень тяжело,None,None,None,None,None,None
2022-05-22 21:42:20.018000,16-18,Женский,Все из списка,None,None,None,None,None,None,None,None,None,None,None,None,Instagram,Тяжело. Раз в месяц,Почти каждый месяц,Редко,Instagram,Очень тяжело
2022-05-22 21:42:28.619000,16-18,Мужской,Люблю покупать и дарить,None,None,None,None,None,None,None,None,Редко,Редко,Freelance,Нахожу подарок достаточно быстро,None,None,None,None,None,None
2022-05-22 21:43:26.475000,16-18,Мужской,Люблю покупать и дарить,None,None,None,None,None,None,None,None,Редко,Редко,Instagram,Очень тяжело,None,None,None,None,None,None
2022-05-22 21:43:30.892000,16-18,Мужской,Люблю покупать и дарить,None,None,None,None,None,None,None,None,Почти каждую неделю,Почти каждую неделю,Instagram,Нахожу подарок достаточно быстро,None,None,None,None,None,None
2022-05-22 21:43:53.224000,16-18,Женский,Cоздаю товары своими ручками,Делаю для себя и близких,я не продаю,"Нет, меня итак все устраивает",Никогда,не делаю этого,None,None,None,None,None,None,None,None,None,None,None,None,None
2022-05-22 21:44:42.063000,16-18,Мужской,Все из списка,None,None,None,None,None,None,None,None,None,None,None,None,Делаю для себя и близких,"Не ищу, но хотел бы",Редко,Редко,Instagram,Очень тяжело
2022-05-22 21:45:52.461000,19-24,Мужской,Люблю покупать и дарить,None,None,None,None,None,None,None,None,Редко,Редко,Instagram,Очень тяжело,None,None,None,None,None,None
2022-05-22 21:46:04.170000,16-18,Мужской,Я люблю дарить товары ручной работы,None,None,None,None,None,Редко,Avito,Нахожу подарок достаточно быстро,None,None,None,None,None,None,None,None,None,None
2022-05-22 21:47:03.571000,16-18,Мужской,Все из списка,None,None,None,None,None,None,None,None,None,None,None,None,Авито,Терпимо. Каждую неделю получаю заказы,Редко,Редко,Avito,Очень тяжело
2022-05-22 21:49:22.565000,16-18,Мужской,Все из списка,None,None,None,None,None,None,None,None,None,None,None,None,Авито,Тяжело. Раз в месяц,Редко,Редко,Avito,Очень тяжело
2022-05-22 21:49:27.486000,19-24,Мужской,Я люблю дарить товары ручной работы,None,None,None,None,None,Редко,Instagram,Очень тяжело,None,None,None,None,None,None,None,None,None,None
2022-05-22 21:54:24.232000,16-18,Женский,Люблю покупать и дарить,None,None,None,None,None,None,None,None,Редко,Редко,Instagram,Очень тяжело,None,None,None,None,None,None
2022-05-22 21:54:46.399000,16-18,Женский,Люблю покупать и дарить,None,None,None,None,None,None,None,None,Редко,Редко,Instagram,Очень тяжело,None,None,None,None,None,None
2022-05-22 21:54:55.760000,16-18,Женский,Люблю покупать и дарить,None,None,None,None,None,None,None,None,Редко,Почти каждый месяц,Instagram,Нахожу подарок достаточно быстро,None,None,None,None,None,None
2022-05-22 22:00:23.124000,16-18,Мужской,Люблю покупать и дарить,None,None,None,None,None,None,None,None,Редко,Редко,Instagram,Очень тяжело,None,None,None,None,None,None
2022-05-22 22:02:35.784000,16-18,Мужской,Люблю покупать и дарить,None,None,None,None,None,None,None,None,Редко,Редко,Instagram,Очень тяжело,None,None,None,None,None,None
2022-05-22 22:04:09.051000,16-18,Мужской,Люблю покупать и дарить,None,None,None,None,None,None,None,None,Редко,Редко,"Обычно ищу просто в интернете, если ничего не находится, лезу в иные ресурсы. ",Нахожу подарок достаточно быстро,None,None,None,None,None,None
2022-05-22 22:25:13.746000,19-24,Мужской,Люблю покупать и дарить,None,None,None,None,None,None,None,None,Редко,Редко,Instagram,Очень тяжело,None,None,None,None,None,None
2022-05-22 22:32:30.029000,19-24,Мужской,Люблю покупать и дарить,None,None,None,None,None,None,None,None,Редко,Редко,Instagram,Нахожу подарок достаточно быстро,None,None,None,None,None,None
2022-05-22 22:55:48.305000,16-18,Женский,Cоздаю товары своими ручками,Делаю для себя и близких,Не продаю ,"Нет, меня итак все устраивает",Никогда,Нигде ,None,None,None,None,None,None,None,None,None,None,None,None,None
2022-05-22 22:55:56.143000,16-18,Женский,Я люблю дарить товары ручной работы,None,None,None,None,None,Редко,Instagram,Вообще не является проблемой,None,None,None,None,None,None,None,None,None,None
2022-05-22 22:56:14.001000,16-18,Мужской,Cоздаю товары своими ручками,Делаю для себя и близких,Тяжело. Раз в месяц,"Да, хотелось бы",Почти каждый месяц,Instagram,None,None,None,None,None,None,None,None,None,None,None,None,None
2022-05-22 23:02:32.171000,16-18,Мужской,Люблю покупать и дарить,None,None,None,None,None,None,None,None,Редко,Редко,Avito,Очень тяжело,None,None,None,None,None,None
2022-05-22 23:03:15.501000,16-18,Мужской,Все из списка,None,None,None,None,None,None,None,None,None,None,None,None,Делаю для себя и близких,Их нет,Редко,Почти каждый месяц,Avito,Нахожу подарок достаточно быстро
2022-05-22 23:07:58.642000,16-18,Мужской,Люблю покупать и дарить,None,None,None,None,None,None,None,None,Редко,Редко,От друзей и знакомы,Нахожу подарок достаточно быстро,None,None,None,None,None,None
2022-05-22 23:10:34.734000,16-18,Женский,Cоздаю товары своими ручками,Делаю для себя и близких,Не работа,"Нет, меня итак все устраивает",Редко,Avito,None,None,None,None,None,None,None,None,None,None,None,None,None
2022-05-22 23:13:14.358000,40-60,Женский,Я люблю дарить товары ручной работы,None,None,None,None,None,Редко,Instagram,Очень тяжело,None,None,None,None,None,None,None,None,None,None
2022-05-22 23:15:37.947000,19-24,Женский,Люблю покупать и дарить,None,None,None,None,None,None,None,None,Редко,Редко,Instagram,Очень тяжело,None,None,None,None,None,None
2022-05-22 23:28:46.867000,16-18,Женский,Люблю покупать и дарить,None,None,None,None,None,None,None,None,Редко,Редко,Instagram,Нахожу подарок достаточно быстро,None,None,None,None,None,None
2022-05-22 23:47:49.952000,16-18,Женский,Люблю покупать и дарить,None,None,None,None,None,None,None,None,Почти каждый месяц,Редко,Instagram,Очень тяжело,None,None,None,None,None,None
2022-05-23 00:10:39.769000,16-18,Мужской,Я люблю дарить товары ручной работы,None,None,None,None,None,Редко,Instagram,Нахожу подарок достаточно быстро,None,None,None,None,None,None,None,None,None,None
2022-05-23 00:36:13.684000,16-18,Мужской,Я люблю покупать себе товары ручной работы,None,None,None,Редко,Avito,None,None,None,None,None,None,None,None,None,None,None,None,None
2022-05-23 02:54:26.439000,27-40,Женский,Cоздаю товары своими ручками,Делаю для себя и близких,Не продаю свои работы,"Нет, меня итак все устраивает",Редко,Не заказываю,None,None,None,None,None,None,None,None,None,None,None,None,None
2022-05-23 10:17:01.225000,16-18,Женский,Люблю покупать и дарить,None,None,None,None,None,None,None,None,Редко,Редко,Instagram,Очень тяжело,None,None,None,None,None,None
2022-05-23 14:26:23.772000,40-60,Женский,Я люблю покупать себе товары ручной работы,None,None,None,Редко,Instagram,None,None,None,None,None,None,None,None,None,None,None,None,None
2022-05-23 14:31:08.175000,27-40,Женский,Все из списка,None,None,None,None,None,None,None,None,None,None,None,None,Делаю для себя и близких,Тяжело. Раз в месяц,Редко,Редко,Instagram,Нахожу подарок достаточно быстро
2022-05-23 14:34:00.375000,16-18,Мужской,Люблю покупать и дарить,None,None,None,None,None,None,None,None,Почти каждый месяц,Редко,Avito,Нахожу подарок достаточно быстро,None,None,None,None,None,None
2022-05-23 14:45:21.343000,27-40,Женский,Cоздаю товары своими ручками,"Etsy, Insagram",Терпимо. Каждую неделю получаю заказы,"Да, хотелось бы",None,None,None,None,None,None,None,None,None,None,None,None,None,None,None
2022-05-23 16:05:37.421000,19-24,Женский,Cоздаю товары своими ручками,Не продаю,Не продаю пока,"Да, хотелось бы",None,None,None,None,None,None,None,None,None,None,None,None,None,None,None
2022-05-23 16:46:45.778000,16-18,Мужской,Все из списка,None,None,None,None,None,None,None,None,None,None,None,None,Делаю для себя и близких,Тяжело. Раз в месяц,Редко,Редко,Нигде,Вообще не является проблемой
2022-05-23 17:27:15.519000,16-18,Женский,Я люблю дарить товары ручной работы,None,None,None,None,None,Редко,Instagram,Нахожу подарок достаточно быстро,None,None,None,None,None,None,None,None,None,None
2022-05-23 17:31:17.021000,16-18,Мужской,Я люблю дарить товары ручной работы,None,None,None,None,None,Редко,Instagram,Нахожу подарок достаточно быстро,None,None,None,None,None,None,None,None,None,None
2022-05-23 17:35:32.937000,16-18,Мужской,Люблю покупать и дарить,None,None,None,None,None,None,None,None,Никогда,Никогда,не заказывал вообще,Вообще не является проблемой,None,None,None,None,None,None
2022-05-23 17:41:06.708000,40-60,Женский,Я люблю дарить товары ручной работы,None,None,None,None,None,Редко,Instagram,Нахожу подарок достаточно быстро,None,None,None,None,None,None,None,None,None,None
2022-05-23 17:43:18.178000,40-60,Мужской,Люблю покупать и дарить,None,None,None,None,None,None,None,None,Редко,Редко,Ярмарка мастеров,Вообще не является проблемой,None,None,None,None,None,None
2022-05-23 18:45:57.168000,40-60,Мужской,Люблю покупать и дарить,None,None,None,None,None,None,None,None,Редко,Почти каждый месяц,Freelance,Очень тяжело,None,None,None,None,None,None
2022-05-23 21:04:25.808000,16-18,Мужской,Я люблю покупать себе товары ручной работы,None,None,None,Редко,Freelance,None,None,None,None,None,None,None,None,None,None,None,None,None
2022-05-24 08:27:12.463000,19-24,Женский,Я люблю дарить товары ручной работы,None,None,None,None,None,Редко,Instagram,Очень тяжело,None,None,None,None,None,None,None,None,None,None
2022-05-24 14:35:16.183000,19-24,Мужской,Все из списка,None,None,None,None,None,None,None,None,None,None,None,None,Делаю для себя и близких,Тяжело. Раз в месяц,Почти каждый месяц,Редко,Instagram,Нахожу подарок достаточно быстро
2022-05-24 16:03:14.323000,16-18,Мужской,Люблю покупать и дарить,None,None,None,None,None,None,None,None,Редко,Редко,Instagram,Нахожу подарок достаточно быстро,None,None,None,None,None,None
2022-05-24 16:10:26.654000,16-18,Мужской,Все из списка,None,None,None,None,None,None,None,None,None,None,None,None,Instagram,Терпимо. Каждую неделю получаю заказы,Почти каждый месяц,Редко,Instagram,Вообще не является проблемой
2022-05-24 16:19:48.124000,19-24,Мужской,Я люблю покупать себе товары ручной работы,None,None,None,Редко,Instagram,None,None,None,None,None,None,None,None,None,None,None,None,None
2022-05-24 16:20:16.376000,19-24,Мужской,Люблю покупать и дарить,None,None,None,None,None,None,None,None,Редко,Редко,Интернет,Нахожу подарок достаточно быстро,None,None,None,None,None,None
2022-05-24 16:29:11.628000,19-24,Женский,Люблю покупать и дарить,None,None,None,None,None,None,None,None,Никогда,Редко,Instagram,Очень тяжело,None,None,None,None,None,None
2022-05-24 16:30:33.726000,16-18,Женский,Я люблю дарить товары ручной работы,None,None,None,None,None,Почти каждый месяц,Pinterest,Нахожу подарок достаточно быстро,None,None,None,None,None,None,None,None,None,None
2022-05-24 16:40:09.777000,16-18,Мужской,Люблю покупать и дарить,None,None,None,None,None,None,None,None,Почти каждый месяц,Редко,"VK, Продовольственные рынки",Нахожу подарок достаточно быстро,None,None,None,None,None,None
2022-05-24 17:01:44.828000,16-18,Женский,Люблю покупать и дарить,None,None,None,None,None,None,None,None,Редко,Никогда,Instagram,Очень тяжело,None,None,None,None,None,None
2022-05-24 17:02:26.570000,16-18,Женский,Люблю покупать и дарить,None,None,None,None,None,None,None,None,Редко,Никогда,Instagram,Очень тяжело,None,None,None,None,None,None
2022-05-24 17:07:23.031000,19-24,Женский,Я люблю покупать себе товары ручной работы,None,None,None,Никогда,Freelance,None,None,None,None,None,None,None,None,None,None,None,None,None
2022-05-24 17:14:46.471000,16-18,Мужской,Люблю покупать и дарить,None,None,None,None,None,None,None,None,Никогда,Никогда,Avito,Нахожу подарок достаточно быстро,None,None,None,None,None,None
2022-05-24 17:15:43.588000,19-24,Мужской,Люблю покупать и дарить,None,None,None,None,None,None,None,None,Редко,Редко,Instagram,Вообще не является проблемой,None,None,None,None,None,None
2022-05-24 17:16:10.811000,16-18,Женский,Я люблю дарить товары ручной работы,None,None,None,None,None,Редко,Instagram,Нахожу подарок достаточно быстро,None,None,None,None,None,None,None,None,None,None
2022-05-24 17:16:57.340000,16-18,Женский,Люблю покупать и дарить,None,None,None,None,None,None,None,None,Редко,Редко,Avito,Очень тяжело,None,None,None,None,None,None
2022-05-24 17:17:53.822000,16-18,Женский,Люблю покупать и дарить,None,None,None,None,None,None,None,None,Редко,Редко,Instagram,Нахожу подарок достаточно быстро,None,None,None,None,None,None
2022-05-24 17:21:11.919000,16-18,Женский,Я люблю дарить товары ручной работы,None,None,None,None,None,Редко,Instagram,Очень тяжело,None,None,None,None,None,None,None,None,None,None
2022-05-24 17:22:43.402000,16-18,Женский,Люблю покупать и дарить,None,None,None,None,None,None,None,None,Никогда,Никогда,Instagram,Очень тяжело,None,None,None,None,None,None
2022-05-24 17:23:54.149000,16-18,Женский,Люблю покупать и дарить,None,None,None,None,None,None,None,None,Почти каждый месяц,Редко,Instagram,Очень тяжело,None,None,None,None,None,None
2022-05-24 17:47:42.872000,16-18,Женский,Cоздаю товары своими ручками,Делаю для себя и близких,Тяжело. Раз в месяц,"Да, хотелось бы",Никогда,Instagram,None,None,None,None,None,None,None,None,None,None,None,None,None
2022-05-24 18:09:18.822000,27-40,Женский,Я люблю дарить товары ручной работы,None,None,None,None,None,Редко,Instagram,Очень тяжело,None,None,None,None,None,None,None,None,None,None
2022-05-24 18:09:53.625000,16-18,Женский,Cоздаю товары своими ручками,Делаю для себя и близких,Я их не ищу ,"Нет, меня итак все устраивает",Никогда,Не ищу ,None,None,None,None,None,None,None,None,None,None,None,None,None
2022-05-24 18:12:01.802000,16-18,Женский,Люблю покупать и дарить,None,None,None,None,None,None,None,None,Редко,Почти каждый месяц,Instagram,Вообще не является проблемой,None,None,None,None,None,None
2022-05-24 18:19:15.636000,16-18,Женский,Cоздаю товары своими ручками,Делаю для себя и близких,Легко. Каждый день получаю заказы,"Да, хотелось бы",Никогда,Instagram,None,None,None,None,None,None,None,None,None,None,None,None,None
2022-05-24 18:20:57.670000,16-18,Женский,Я люблю покупать себе товары ручной работы,None,None,None,Редко,Instagram,None,None,None,None,None,None,None,None,None,None,None,None,None
2022-05-24 18:22:16.536000,27-40,Женский,Cоздаю товары своими ручками,Делаю для себя и близких,Тяжело. Раз в месяц,"Да, хотелось бы",Редко,Instagram,None,None,None,None,None,None,None,None,None,None,None,None,None
2022-05-24 18:33:54.966000,19-24,Мужской,Люблю покупать и дарить,None,None,None,None,None,None,None,None,Редко,Никогда,Avito,Нахожу подарок достаточно быстро,None,None,None,None,None,None
2022-05-24 19:10:10.787000,16-18,Женский,Cоздаю товары своими ручками,Делаю для себя и близких,Тяжело. Раз в месяц,"Да, хотелось бы",Редко,Instagram,None,None,None,None,None,None,None,None,None,None,None,None,None
2022-05-24 19:28:11.651000,16-18,Женский,Люблю покупать и дарить,None,None,None,None,None,None,None,None,Редко,Редко,Instagram,Нахожу подарок достаточно быстро,None,None,None,None,None,None
2022-05-24 21:20:55.969000,27-40,Женский,Люблю покупать и дарить,None,None,None,None,None,None,None,None,Редко,Редко,Instagram,Вообще не является проблемой,None,None,None,None,None,None
2022-05-24 21:27:28.517000,27-40,Мужской,Люблю покупать и дарить,None,None,None,None,None,None,None,None,Редко,Никогда,Интернет,Нахожу подарок достаточно быстро,None,None,None,None,None,None
2022-05-24 21:39:08.810000,16-18,Женский,Я люблю дарить товары ручной работы,None,None,None,None,None,Редко,Instagram,Нахожу подарок достаточно быстро,None,None,None,None,None,None,None,None,None,None
2022-05-25 08:38:16.601000,16-18,Женский,Все из списка,None,None,None,None,None,None,None,None,None,None,None,None,Делаю для себя и близких,"Делаю для семьи, не продаю",Редко,Никогда,Instagram,Нахожу подарок достаточно быстро
2022-05-25 09:14:15.648000,16-18,Женский,Люблю покупать и дарить,None,None,None,None,None,None,None,None,Редко,Почти каждую неделю,Instagram,Нахожу подарок достаточно быстро,None,None,None,None,None,None
2022-05-25 11:59:10.348000,27-40,Мужской,Люблю покупать и дарить,None,None,None,None,None,None,None,None,Редко,Редко,Avito,Вообще не является проблемой,None,None,None,None,None,None
2022-05-25 13:00:11.568000,27-40,Мужской,Люблю покупать и дарить,None,None,None,None,None,None,None,None,Редко,Редко,Instagram,Нахожу подарок достаточно быстро,None,None,None,None,None,None
2022-05-25 15:41:15.659000,27-40,Женский,Cоздаю товары своими ручками,Instagram,Тяжело. Раз в месяц,"Да, хотелось бы",None,None,None,None,None,None,None,None,None,None,None,None,None,None,None
2022-05-25 17:20:12.802000,27-40,Женский,Cоздаю товары своими ручками,Делаю для себя и близких,шью только себе,"Нет, меня итак все устраивает",Редко,vk,None,None,None,None,None,None,None,None,None,None,None,None,None
2022-05-25 17:47:18.929000,27-40,Женский,Cоздаю товары своими ручками,Делаю для себя и близких,Почти нет клиентов. Индивидуальный пошив даже за небольшую сумму считают слишком дорогим. ,"Да, хотелось бы",Никогда,"Гугл, Ярмарка мастеров",None,None,None,None,None,None,None,None,None,None,None,None,None
2022-05-25 21:11:52.657000,27-40,Женский,Cоздаю товары своими ручками,Instagram,Тяжело. Раз в месяц,"Да, хотелось бы",None,None,None,None,None,None,None,None,None,None,None,None,None,None,None
2022-05-25 23:03:27.544000,40-60,Женский,Я люблю дарить товары ручной работы,None,None,None,None,None,Никогда,Avito,Нахожу подарок достаточно быстро,None,None,None,None,None,None,None,None,None,None
2022-05-26 04:38:20.377000,40-60,Женский,Cоздаю товары своими ручками,"ВК, ОК, Инстаграм ",Терпимо. Каждую неделю получаю заказы,"Да, хотелось бы",None,None,None,None,None,None,None,None,None,None,None,None,None,None,None
2022-05-26 07:04:38.139000,27-40,Мужской,Все из списка,None,None,None,None,None,None,None,None,None,None,None,None,Instagram,Легко. Каждый день получаю заказы,Редко,Редко,Instagram,Вообще не является проблемой
2022-05-26 09:06:14.080000,16-18,Женский,Люблю покупать и дарить,None,None,None,None,None,None,None,None,Редко,Редко,Instagram,Нахожу подарок достаточно быстро,None,None,None,None,None,None
2022-05-26 17:10:08.579000,40-60,Женский,Cоздаю товары своими ручками,ВКонтакте ,Тяжело. Раз в месяц,"Да, хотелось бы",None,None,None,None,None,None,None,None,None,None,None,None,None,None,None
2022-05-26 18:32:42.360000,40-60,Женский,Cоздаю товары своими ручками,Делаю для себя и близких,Терпимо. Каждую неделю получаю заказы,"Нет, меня итак все устраивает",Никогда,Вк,None,None,None,None,None,None,None,None,None,None,None,None,None
2022-05-26 22:58:56.055000,27-40,Мужской,Люблю покупать и дарить,None,None,None,None,None,None,None,None,Почти каждую неделю,Почти каждый месяц,Instagram,Очень тяжело,None,None,None,None,None,None
2022-05-27 11:00:03.742000,19-24,Мужской,Люблю покупать и дарить,None,None,None,None,None,None,None,None,Редко,Редко,"Ozon, Aliexpree",Очень тяжело,None,None,None,None,None,None
2022-05-27 11:19:29.154000,40-60,Женский,Cоздаю товары своими ручками,учствую в фестивалях и ярмарках ,Тяжело. Раз в месяц,"Да, хотелось бы",None,None,None,None,None,None,None,None,None,None,None,None,None,None,None
2022-05-28 03:04:35.633000,40-60,Женский,Cоздаю товары своими ручками,"Вк, юла, авито,  инстаграм до блокировки",Тяжело. Раз в месяц,"Да, хотелось бы",None,None,None,None,None,None,None,None,None,None,None,None,None,None,None
2022-05-28 23:36:31.522000,19-24,Мужской,Люблю покупать и дарить,None,None,None,None,None,None,None,None,Редко,Редко,Тик ток ,Нахожу подарок достаточно быстро,None,None,None,None,None,None
2022-05-30 00:25:18.329000,27-40,Женский,Cоздаю товары своими ручками,Вк,Не получаются продажи,"Да, хотелось бы",None,None,None,None,None,None,None,None,None,None,None,None,None,None,None
2022-05-30 07:45:55.395000,27-40,Женский,Cоздаю товары своими ручками,"Вконтакте, Пинтерест, Ярмарка мастеров (там планирую)",Тяжело. Раз в месяц,"Да, хотелось бы",None,None,None,None,None,None,None,None,None,None,None,None,None,None,None
2022-06-01 19:20:45.115000,27-40,Женский,Cоздаю товары своими ручками,Себе и ВК,Тяжело. Раз в месяц,"Да, хотелось бы",None,None,None,None,None,None,None,None,None,None,None,None,None,None,None
2022-08-10 14:57:55.853000,16-18,Мужской,Люблю покупать и дарить,None,None,None,None,None,None,None,None,Редко,Редко,интернет,Очень тяжело,None,None,None,None,None,None
2022-08-30 17:33:55.166000,27-40,Женский,Cоздаю товары своими ручками,Делаю для себя и близких,это пока только хобби,"Да, хотелось бы",Никогда,"то, что мне нужно, я делаю сама",None,None,None,None,None,None,None,None,None,None,None,None,None
